{
  "fve_global": 0.9379357763277687,
  "mse_mean": 5.780338764190674,
  "mse_median": 5.259756088256836,
  "cosine_mean": 0.9935271739959717,
  "cosine_median": 0.9944215416908264,
  "fve_sample_mean": 0.7812120318412781,
  "fve_sample_median": 0.8946213722229004
}