{
  "train_loss": [
    549.2344934082031,
    388.2897961425781,
    140.38252532958984,
    81.56271850585938,
    55.62333839416504,
    38.374665908813476,
    27.93485569000244,
    21.850944213867187,
    17.232905006408693,
    13.9615625,
    11.619554252624512,
    10.449634647369384,
    9.542726974487305,
    8.780919036865235,
    8.472564296722412,
    8.040554466247558,
    7.8032183265686035,
    7.412407321929932,
    7.18896713256836,
    7.024773082733154,
    6.820815868377686,
    6.743194541931152,
    6.663661365509033,
    6.559945774078369,
    6.497929191589355,
    6.4311668395996096,
    6.326612396240234,
    6.320365772247315,
    6.285357685089111,
    6.212623119354248,
    6.260607528686523,
    6.123932266235352,
    6.11498592376709,
    6.076270618438721,
    6.1272662734985355,
    6.110558662414551,
    5.9870452880859375,
    6.0265794944763185,
    6.0136681747436525,
    5.9827229690551755
  ],
  "val_loss": [
    471.6239929199219,
    192.3672637939453,
    89.6277084350586,
    61.09407424926758,
    43.107547760009766,
    32.25722885131836,
    25.775774002075195,
    20.856456756591797,
    17.0694580078125,
    14.302760124206543,
    12.407066345214844,
    11.10488510131836,
    10.216105461120605,
    9.362933158874512,
    8.640320777893066,
    8.158357620239258,
    7.775696754455566,
    7.339473724365234,
    7.066969394683838,
    6.7994842529296875,
    6.540628910064697,
    6.417749404907227,
    6.250657081604004,
    6.104088306427002,
    6.001196384429932,
    6.044739723205566,
    5.8523054122924805,
    5.873900890350342,
    5.831730365753174,
    5.759654998779297,
    5.735607624053955,
    5.658443927764893,
    5.646510601043701,
    5.658285617828369,
    5.601560115814209,
    5.570374965667725,
    5.578354358673096,
    5.604703903198242,
    5.531857967376709,
    5.479677677154541
  ],
  "best_val_loss": 5.479677677154541,
  "best_epoch": 40
}